<?xml version="1.0" encoding="UTF-8"?>
<project-private xmlns="http://www.netbeans.org/ns/project-private/1">
    <editor-bookmarks xmlns="http://www.netbeans.org/ns/editor-bookmarks/2" lastBookmarkId="0"/>
    <open-files xmlns="http://www.netbeans.org/ns/projectui-open-files/2">
        <group>
            <file>file:/Users/kathrynhodge/GitHub/Video%20Series/Day%2022/BinarySearchTree/src/binarysearchtree/BinarySearchTree.java</file>
            <file>file:/Users/kathrynhodge/GitHub/Video%20Series/Day%2022/BinarySearchTree/src/binarysearchtree/EmptyBST.java</file>
            <file>file:/Users/kathrynhodge/GitHub/Video%20Series/Day%2022/BinarySearchTree/src/binarysearchtree/NonEmptyBST.java</file>
            <file>file:/Users/kathrynhodge/GitHub/Video%20Series/Day%2022/BinarySearchTree/src/binarysearchtree/Tree.java</file>
        </group>
    </open-files>
</project-private>
