<?xml version="1.0" encoding="UTF-8"?>
<project-private xmlns="http://www.netbeans.org/ns/project-private/1">
    <editor-bookmarks xmlns="http://www.netbeans.org/ns/editor-bookmarks/2" lastBookmarkId="0"/>
    <open-files xmlns="http://www.netbeans.org/ns/projectui-open-files/2">
        <group>
            <file>file:/Users/kathrynhodge/Desktop/HotChocolate/src/hotchocolate/HotChocolate.java</file>
            <file>file:/Users/kathrynhodge/Desktop/HotChocolate/src/hotchocolate/TooColdException.java</file>
            <file>file:/Users/kathrynhodge/Desktop/HotChocolate/src/hotchocolate/TooHotException.java</file>
            <file>file:/Users/kathrynhodge/Desktop/HotChocolate/src/hotchocolate/TemperatureException.java</file>
        </group>
    </open-files>
</project-private>
